filename,label
6d3369789a5ce2d48d03ac605911bbfab2018d6a resized.jpg,0203040001
6c10246b82961200db5f50cefbbceb5aa89eb74a resized.jpg,0304000201
5b66c43f7d6fa6039e39f2f394fd86614525c16d resized.jpg,0103040200
6bb96511fb32fb5eff4c64120c636f6641171c3a resized.jpg,0203040100
6cfa53598606cde8716430b88b1728aae3134163 resized.jpg,0203040001
6a60ed017465c2fd2a17299ff62b35aafeaadfb1 resized.jpg,0203000401
5de7b167f976bc2a343c84eeaccc4177457f9e02 resized.jpg,0203000401
6bfe3569e8a007daac209be2c8ffd62fc4b5bbb4 resized.jpg,0203040001
6ce0b795ffbd1420424997245c8d23fe07222879 resized.jpg,0004020301
6be3b973852f98c2908709a4157bceee4204ba97 resized.jpg,0402010300
6b0be04111f20e4db019930a7c33274caacb657b resized.jpg,0300020401
6d64e7e464f885f156d2190e6ab9f43c5e1c7911 resized.jpg,0003020401
6c944f69e952163bad91ef0968b8ac70eb000988 resized.jpg,0203040001
6aaa409a8cf4549b0e0ca6648334acb7172fbf58 resized.jpg,0401030002
6a9d8d2cc1b535fecb551e437f1bdb3656a30fd0 resized.jpg,0203000401
6c5ab52adb826c0d7780695a539446d105828e89 resized.jpg,0200030401
6cce29e00ee21e9e6444fad2c1a18ca7bbc8fad2 resized.jpg,0302010004
6b9d2db786326a10a243b038bcd44558d1f86631 resized.jpg,0402030001
6d47239a30f8a61f8193785839918b094cfafcdc resized.jpg,0300010204
6d1a0f327c71b29887fa5a92ab106f6589493b2e resized.jpg,0204030001
6a8a0f984f3126321be67b2b4226d566fbe335eb resized.jpg,0003020401
6b5be3a3f8bc0276f799d2edbd6ac99241a6e601 resized.jpg,0402000103
5ce00b27ba209eb0432e53f20fbc375928b49160 resized.jpg,0203040001
6b5ce6b4480854aebb4fd07fb483e406757fdd80 resized.jpg,0402030100
6d4070a756011f71a16f9c1747e4d72d85a450bf resized.jpg,0200040301
6b9172431b42ed5bcb16c552d80d09f71801a70a resized.jpg,0300010402
5b95408d51c93e137b875416923c2f6ff2e2d581 resized.jpg,0203000401
6d94a3700d2df9d550a579e1d52176244806fcf5 resized.jpg,0203040100
6c68154227d9460bcac2bc9a475d29e7e4784b2b resized.jpg,0203000401
6d581a8496d397a0dc1864da81b6111db3cbdbad resized.jpg,0203040001
6af6ad93516ab57c9c05e157fef0f9175131e269 resized.jpg,0402000301
5efd4628285c6e91526346d088f7bfd454f311b5 resized.jpg,0203040100
5f8a3a2a9d45dd5ce09bc6c9859d1dc88662590f resized.jpg,0203000401
6d7efe06d4b5088b86a9ce38a97063d8e8d90822 resized.jpg,0402030001
5df93cb3602fc09e31a835176b0ad355a3917f8f resized.jpg,0203000401
6a505297a7686ed7fb322fabf052aaf1abd3bf1e resized.jpg,0200030401
6b8dbc4d690e70485ba57386b3989850952cafbe resized.jpg,0203010400
5bf00c19cc06f66070a6aad27336b62e40f14fab resized.jpg,0203000401
5c70533c35062bcb2c366aa3115aacd2a45b6cd5 resized.jpg,0203000401
6bc61cc2cec1c6d1f261c6cac9fc4a1ae1023383 resized.jpg,0302010004
6b6f3ab9997c3272fe6c0f0ecdff8984791c3492 resized.jpg,0204030001
6d1dbc65d47682c582f9bff079e54646652edc02 resized.jpg,0204030001
6a5cdd3ae2792187f7bdb19af5d2a286e3eea17e resized.jpg,0204030001
6abbb9e1489014ec579563569b1001cf9553ec85 resized.jpg,0204030100
6b490318449573200cd76e8527815fd532fcfbd7 resized.jpg,0204030001
6cef51da904a12265839631364107c72e7538c49 resized.jpg,0203010400
6b9bf40885e1f6643060c1796b625a16d616d375 resized.jpg,0203040001
6ac0d0fd8e6ec6776586ebfebf086f5980fe342a resized.jpg,0402030100
6bd2f7f20767f1ef3cb5fbae02d843b5fca37608 resized.jpg,0301040002
6a8240d96f388381cf388ec780abea31a5eef149 resized.jpg,0400030102
6ca8fdf1b5871e12435920a91df59e9cf023ac14 resized.jpg,0203040001
6c56c94fc921ba4d2a1260c78fd6143c6e7394ee resized.jpg,0402030100
6c5bfabaf07f0ccbdae7d15798fab315a1970fdd resized.jpg,0203040001
6cf5ced9f5fbb939022e4106ba7f2d8f8e3c5435 resized.jpg,0301020004
6a20c6f4029206f2e96f9af4e07c0ce31353a7f2 resized.jpg,0204000301
6c2336e00c3dc9bfb481727c5faef216209224b4 resized.jpg,0204030001
6b248d41efc9546339e3e91152e0c254b53fd52d resized.jpg,0204030001
6d0846a5bed0908e87f3cfd19e6f4ec05291a0ff resized.jpg,0203040001
5ce6c4258b6b67d5040cab884692a01cffd77b3d resized.jpg,0203000401
6ab116d52f75ef74eccd04151445ca6a154d8175 resized.jpg,0204030001
6d722dad5ddab8c03c6885723681478f9619bc1e resized.jpg,0402010003
6bfc3230dbdac38756e173645f8f5376072217c6 resized.jpg,0403020001
5e72a92d7a90f4cae29a6a04dfd04eaa21f15088 resized.jpg,0203010400
6ce1fcd3546044103367503f19d48b78c5df3cbd resized.jpg,0302010400
6c88beb8036d63b2385c5643ba5e486667d0a5fa resized.jpg,0204030001
6d1614f7b02ba9a5d5b21ad4c8594057f9283a0b resized.jpg,0402030100
6d1e6417622fa8366feef042642b5c38f1ba6327 resized.jpg,0301000204
6a84e9bae8f5635b5b9c7a4f7b36ddbde393ce85 resized.jpg,0003020401
6a0b9019a4ee7a7b8428414a5498d8ac9743bd64 resized.jpg,0402010003
6be84e1efb873bf40daa3dc0640b933df5efe9af resized.jpg,0302010400
6bff682dabc28e2cf7eb948a388c16a38294916b resized.jpg,0400030201
6d3b0f34dbe4288ffcd152ca9bcf08c8d9beee10 resized.jpg,0004030201
5cb50072bfb6c51ad36062cefa6c7cc3b7c7be7d resized.jpg,0204030001
6db08a2a64307347e8989de262ae0b9ca4e53919 resized.jpg,0401030002
6cca2e7cbda4ecc0b2d95dfa28aa6da3a6367acb resized.jpg,0402000103
5c628c76a3a0fc3a1e8095e5a6ba78e655073c6a resized.jpg,0203010400
5b7ecf69c5d9e9df60aa7f7768c712e9481dd497 resized.jpg,0203040100
6b7a6eff2e8de0e52aca40103ad497d1c5a449eb resized.jpg,0203010400
6b9a356f9af0fad97621f5d964e8730b6fd7708f resized.jpg,0203010400
6c91ce2984c60fe58270a630d5eb123102450b44 resized.jpg,0203000401
5f97a3ea55055f3aed53e7307d0208fb58e03247 resized.jpg,0203000401
6acac68f0c60c54d541bfe2cc4a8093e8b9a4c46 resized.jpg,0203040001
6a36b28a4fb99fb8d9c8fff3d266c95baab5d1dc resized.jpg,0402000103
5d597712e6e82fb65de71a5e58892ebd30277bf7 resized.jpg,0203010400
6c0cbd8525fd6a21a031ca69d0d1fe4d459960bd resized.jpg,0301000204
6d259b8ffc759d4cdd0b7c7d80010765fe34179d resized.jpg,0103020400
6c573c5281e65962b741ee199897c119e0896929 resized.jpg,0300020401
6b2ee737f89964f9153ad9576ff28701e1cf70d9 resized.jpg,0302000401
6ce7e8bedadb18babbfd1a24624287edad61f048 resized.jpg,0402000103
6bd2ee79dc34aa8ed4cce719c6daf4e321aae12f resized.jpg,0301040002
6d3e4bdd1003ecbb8fb844bd8200701406f3d71f resized.jpg,0204030001
6bbebe9da32e45072654ab77957027be91908454 resized.jpg,0003040102
6d829164d5756bfafc73cde6b42109994537b937 resized.jpg,0203010400
5c69d6f697a77e60908efdd98cf2135fdf6148ba resized.jpg,0203040001
6ba13d1830482bbf59526b411f07d8b9370b31c0 resized.jpg,0203010400
6d3b1093eab950d8a0e1a7d3d7f6e6e830ee4e9c resized.jpg,0203010400
6acf42efc27e2f1733446b671b2094c0dbb2130b resized.jpg,0204030001
6cd2712fcc1c3847a48f6fd36cd8f1a0506513ec resized.jpg,0300020401
6b983a478a4cf18e71503009d89e1caf16873e50 resized.jpg,0401000302
6c8240bc10a5d533cdfa54b84aa0a737a6d928d3 resized.jpg,0400020301
